GEOID,heatrisk_class,Tree Canopy Class
06037620102,0,2
06037620101,1,1
06037620101,1,1
06037278102,0,0
06037278102,0,2
06037278102,0,1
06037297300,0,1
06037297300,0,1
06037297300,0,0
06037297400,0,2
06037297400,0,1
06037297400,0,1
06037297202,0,0
06037297202,0,1
06037297202,0,1
06037609900,0,2
06037609900,0,1
06037296401,0,2
06037296401,0,2
06037296402,0,3
06037296402,0,1
06037296402,0,1
06037670702,0,4
06037670702,0,3
06037670702,0,3
06037296300,1,1
06037296300,1,2
06037670701,1,1
06037670701,1,2
06037670701,1,2
06037293306,0,2
06037293306,0,2
06037293307,0,1
06037293307,0,0
06037296220,1,1
06037296220,1,1
06037296220,1,1
06037296210,1,1
06037296210,1,0
06037296210,1,1
06037296500,1,0
06037296500,1,2
06037296500,1,1
06037295103,1,2
06037295103,1,0
06037294830,1,0
06037294830,1,0
06037294900,1,0
06037294900,1,0
06037294701,1,0
06037294701,1,0
06037294701,1,0
06037980015,0,0
06037294810,1,0
06037294810,1,0
06037294820,1,0
06037294820,1,0
06037294302,1,0
06037294302,1,0
06037294510,1,1
06037294510,1,1
06037294520,1,1
06037294520,1,1
06037294610,1,1
06037294610,1,2
06037294421,1,0
06037294421,1,0
06037294421,1,0
06037294410,2,1
06037294410,2,0
06037294301,0,1
06037294301,0,1
06037294200,1,0
06037294200,1,0
06037294200,1,0
06037294110,1,0
06037294110,1,0
06037294110,1,0
06037293304,1,0
06037293304,1,0
06037670002,1,1
06037293302,1,1
06037293302,1,0
06037293301,0,0
06037651001,2,1
06037651001,2,1
06037297601,0,1
06037297601,0,1
06037297601,0,1
06037297602,0,1
06037297602,0,1
06037297602,0,1
06037297201,1,0
06037297201,1,0
06037297120,1,0
06037297120,1,0
06037296901,1,1
06037296901,1,0
06037296901,1,0
06037297110,1,0
06037297110,1,0
06037296902,1,0
06037296902,1,0
06037296902,1,0
06037980031,0,0
06037296600,2,0
06037296600,2,0
06037296600,2,1
06037296600,2,0
06037980033,0,0
06037294620,1,0
06037294620,1,0
06037294620,1,0
06037980014,0,0
06037294120,0,0
06037294120,0,0
06037294120,0,0
06037572600,1,1
06037543703,1,0
06037543603,1,0
06037543905,1,0
06037980002,0,0
06037572301,1,0
06037544002,0,1
06037543503,2,0
06037543503,2,0
06037543502,1,0
06037543502,1,0
06037543502,1,1
06037543501,2,0
06037543400,1,0
06037291300,0,0
06037291300,0,0
06037291300,0,1
06037650901,1,0
06037650901,1,1
06037650901,1,1
06037980005,0,0
06037650101,1,0
06037650101,1,0
06037650200,1,0
06037603200,0,0
06037603200,0,0
06037603200,0,0
06037980030,0,0
06037980013,0,0
06037602900,1,0
06037602900,1,0
06037602802,1,0
06037602802,1,0
06037602801,1,0
06037620001,0,1
06037620001,0,2
06037601600,1,0
06037980028,0,0
06037601502,1,0
06037277400,0,1
06037277400,0,1
06037291220,1,1
06037291220,1,0
06037291220,1,0
06037603102,1,2
06037603101,1,0
06037603101,1,0
06037603101,1,0
06037291210,2,0
06037291210,2,0
06037291210,2,0
06037291130,0,0
06037291130,0,1
06037291130,0,1
06037540902,1,0
06037291120,0,0
06037540901,2,1
06037540901,2,1
06037540901,2,0
06037540901,2,1
06037291110,1,0
06037291110,1,1
06037241400,1,1
06037241400,1,1
06037241002,1,0
06037241002,1,1
06037241002,1,1
06037241300,0,0
06037241300,0,0
06037540501,2,0
06037540600,1,1
06037540700,1,1
06037540700,1,1
06037540700,1,0
06037242600,2,0
06037242600,2,0
06037242600,2,0
06037540400,0,0
06037540400,0,1
06037243100,2,0
06037243100,2,1
06037243100,2,1
06037540300,1,0
06037242700,2,0
06037242700,2,0
06037242700,2,1
06037242700,2,1
06037242700,2,1
06037241001,1,0
06037241001,1,0
06037241001,1,0
06037241202,2,0
06037241202,2,0
06037241202,2,0
06037241202,2,0
06037241202,2,0
06037600304,1,1
06037600304,1,0
06037241120,2,0
06037241120,2,0
06037241120,2,0
06037241120,2,0
06037241110,1,0
06037241110,1,0
06037240800,1,0
06037240800,1,0
06037240800,1,1
06037241201,1,0
06037241201,1,1
06037241201,1,0
06037240402,1,0
06037240402,1,0
06037240402,1,1
06037242000,1,1
06037242000,1,1
06037242000,1,1
06037535607,1,0
06037242100,0,0
06037535606,0,1
06037242300,2,1
06037242300,2,1
06037242300,2,1
06037535200,2,1
06037535200,2,1
06037535200,2,1
06037535400,1,0
06037535400,1,0
06037535400,1,0
06037535102,1,1
06037535101,2,0
06037535101,2,0
06037600302,0,0
06037600400,1,0
06037600400,1,0
06037600400,1,0
06037600202,2,0
06037600202,2,0
06037600202,2,0
06037240500,2,0
06037240500,2,0
06037240500,2,1
06037240500,2,1
06037240600,2,1
06037240600,2,1
06037240600,2,1
06037240600,2,0
06037240700,2,2
06037240700,2,1
06037240700,2,1
06037240700,2,1
06037240700,2,1
06037600201,1,0
06037600201,1,0
06037600201,1,0
06037240401,2,0
06037240401,2,0
06037240401,2,0
06037240020,2,1
06037240020,2,1
06037240020,2,1
06037600100,2,0
06037600100,2,0
06037600100,2,0
06037240200,2,0
06037240200,2,0
06037240200,2,0
06037238000,2,0
06037238000,2,0
06037238000,2,0
06037238000,2,0
06037238000,2,0
06037238000,2,1
06037600702,1,1
06037600704,0,0
06037600704,0,1
06037238400,1,0
06037238400,1,0
06037238400,1,0
06037238400,1,0
06037238100,1,0
06037238100,1,0
06037238100,1,0
06037238100,1,0
06037277200,0,0
06037277200,0,0
06037278001,0,1
06037278001,0,1
06037601401,2,0
06037277100,0,2
06037277100,0,1
06037277100,0,2
06037276400,0,2
06037276400,0,1
06037276400,0,2
06037276400,0,2
06037276400,0,2
06037276000,1,1
06037276000,1,1
06037276000,1,2
06037276000,1,1
06037276000,1,1
06037240010,1,1
06037240010,1,0
06037240010,1,0
06037238320,1,0
06037238320,1,0
06037238320,1,0
06037239702,1,0
06037239702,1,1
06037239702,1,0
06037239702,1,0
06037239802,1,0
06037239802,1,0
06037239802,1,1
06037239802,1,1
06037238200,2,0
06037238200,2,0
06037238200,2,0
06037238200,2,0
06037238310,2,0
06037238310,2,0
06037239701,1,1
06037239701,1,0
06037239801,1,0
06037239801,1,0
06037239801,1,1
06037237720,1,0
06037237720,1,0
06037239502,1,0
06037239502,1,1
06037239502,1,1
06037600801,0,1
06037600801,0,1
06037600802,0,1
06037237900,1,0
06037237900,1,0
06037237900,1,0
06037237900,1,1
06037235202,1,0
06037235202,1,0
06037235202,1,0
06037235201,0,0
06037235201,0,1
06037235201,0,0
06037600912,1,1
06037600912,1,2
06037237300,1,0
06037237300,1,0
06037237300,1,0
06037237300,1,0
06037237300,1,0
06037237402,1,0
06037237402,1,0
06037237402,1,0
06037234902,1,0
06037234902,1,0
06037234902,1,0
06037234901,1,0
06037234901,1,0
06037239602,1,1
06037239602,1,0
06037237800,1,1
06037237800,1,0
06037237800,1,0
06037237800,1,0
06037535001,1,0
06037535001,1,0
06037237710,1,0
06037237710,1,0
06037239601,1,0
06037239601,1,1
06037239501,1,0
06037239501,1,1
06037239501,1,1
06037237500,1,0
06037237500,1,0
06037237401,1,0
06037237401,1,0
06037237401,1,1
06037237600,1,1
06037237600,1,0
06037237600,1,0
06037237600,1,0
06037239310,1,0
06037239310,1,0
06037239310,1,0
06037276601,0,0
06037276601,0,2
06037276601,0,2
06037276601,0,2
06037276500,0,2
06037276500,0,2
06037274202,0,0
06037274202,0,1
06037274202,0,0
06037274202,0,0
06037273902,0,2
06037273902,0,1
06037273902,0,0
06037273902,0,2
06037273902,0,2
06037273502,0,0
06037273502,0,0
06037273502,0,1
06037273502,0,2
06037274100,1,1
06037274100,1,2
06037601302,2,1
06037277000,0,1
06037277000,0,2
06037277000,0,1
06037277000,0,1
06037277000,0,2
06037600911,0,1
06037600911,0,2
06037601301,0,2
06037601301,0,1
06037239320,1,0
06037239320,1,0
06037239330,0,1
06037239330,0,0
06037237101,1,0
06037237101,1,0
06037237101,1,0
06037237101,1,1
06037237101,1,0
06037239202,2,0
06037239202,2,0
06037239202,2,0
06037237102,1,0
06037237102,1,0
06037239201,1,0
06037239201,1,0
06037239201,1,0
06037229410,1,0
06037229410,1,0
06037275311,1,1
06037275311,1,1
06037275311,1,1
06037275311,1,2
06037275400,0,2
06037275400,0,0
06037273600,0,3
06037273600,0,3
06037273600,0,2
06037273600,0,2
06037273800,0,2
06037273800,0,1
06037273800,0,3
06037702803,0,1
06037702803,0,1
06037702803,0,0
06037275200,1,1
06037275200,1,2
06037275200,1,1
06037273300,0,1
06037273300,0,2
06037273300,0,2
06037273200,0,2
06037273200,0,2
06037273200,0,3
06037273200,0,1
06037234800,1,1
06037234800,1,0
06037234800,1,0
06037234800,1,0
06037237202,1,1
06037237202,1,0
06037237202,1,0
06037237202,1,0
06037235100,1,1
06037235100,1,1
06037235100,1,1
06037235100,1,1
06037237201,1,0
06037237201,1,1
06037237201,1,1
06037234700,1,0
06037234700,1,0
06037234700,1,0
06037234700,1,0
06037232500,2,0
06037232500,2,1
06037232500,2,0
06037232500,2,1
06037234600,2,0
06037234600,2,0
06037234600,2,1
06037234600,2,0
06037234501,1,1
06037234501,1,1
06037703200,1,1
06037703200,1,2
06037703200,1,1
06037703200,1,2
06037275603,0,1
06037275603,0,1
06037275603,0,2
06037703002,1,1
06037703002,1,0
06037703002,1,1
06037275500,2,1
06037275500,2,2
06037275500,2,1
06037275500,2,1
06037703100,1,2
06037703100,1,2
06037703100,1,1
06037703100,1,0
06037702600,1,2
06037702600,1,1
06037275102,1,2
06037275102,1,2
06037275101,0,1
06037702802,0,2
06037702802,0,2
06037702700,0,2
06037702700,0,2
06037702700,0,2
06037232800,1,0
06037232800,1,0
06037229420,1,0
06037229420,1,1
06037232300,1,1
06037232300,1,0
06037232300,1,0
06037229300,2,0
06037229300,2,1
06037229300,2,0
06037229200,1,1
06037229200,1,1
06037228710,1,1
06037228710,1,1
06037232110,1,0
06037232110,1,0
06037232120,2,1
06037232120,2,0
06037232120,2,0
06037272202,0,0
06037272202,0,2
06037273700,0,3
06037273700,0,3
06037273700,0,2
06037702102,1,1
06037702102,1,2
06037702102,1,2
06037702102,1,2
06037272201,0,1
06037272201,0,1
06037272302,1,2
06037272302,1,1
06037273100,0,2
06037273100,0,2
06037273100,0,3
06037272100,1,2
06037272100,1,2
06037272100,1,2
06037272100,1,2
06037272100,1,3
06037272301,0,2
06037272301,0,2
06037272301,0,2
06037702202,0,2
06037702202,0,3
06037232200,1,1
06037232200,1,1
06037232200,1,0
06037228500,2,0
06037228500,2,0
06037228500,2,1
06037228600,2,0
06037228600,2,0
06037231710,1,1
06037231710,1,1
06037231710,1,0
06037231720,2,0
06037231720,2,0
06037231720,2,1
06037231800,2,0
06037231800,2,0
06037231800,2,0
06037228420,1,1
06037228420,1,0
06037228320,1,2
06037228320,1,1
06037228320,1,1
06037234502,0,0
06037234502,0,1
06037234502,0,1
06037236400,0,1
06037236400,0,2
06037236400,0,2
06037231500,1,0
06037231500,1,0
06037231500,1,0
06037702801,1,1
06037702502,1,1
06037702501,0,1
06037271801,0,2
06037271801,0,2
06037271801,0,0
06037269903,0,0
06037231400,1,1
06037231400,1,1
06037231400,1,0
06037236204,1,1
06037236204,1,1
06037234200,0,1
06037234200,0,1
06037234200,0,0
06037236203,1,1
06037236203,1,1
06037219500,0,1
06037219500,0,1
06037222500,1,1
06037222500,1,1
06037222500,1,1
06037228310,1,0
06037228310,1,1
06037228310,1,1
06037228310,1,1
06037228410,1,1
06037228410,1,0
06037228410,1,1
06037231220,1,1
06037231220,1,1
06037231210,1,0
06037231210,1,1
06037231100,1,1
06037231100,1,0
06037231100,1,0
06037222700,1,2
06037226420,2,1
06037226420,2,0
06037226420,2,1
06037222600,2,2
06037222600,2,1
06037222600,2,1
06037532900,2,1
06037532900,2,0
06037532700,0,0
06037532800,1,0
06037228900,1,1
06037228900,1,0
06037229100,1,1
06037229100,1,1
06037228800,2,0
06037228800,2,0
06037228800,2,1
06037228800,2,1
06037228720,1,1
06037228720,1,1
06037228720,1,1
06037228220,1,1
06037228220,1,1
06037228220,1,0
06037228100,1,0
06037228100,1,1
06037228100,1,1
06037228210,1,1
06037228210,1,1
06037227020,1,0
06037227020,1,1
06037204920,0,0
06037204920,0,0
06037532302,1,0
06037531302,2,0
06037531302,2,0
06037531301,2,0
06037531202,1,0
06037227010,1,0
06037227010,1,1
06037205120,1,0
06037205120,1,0
06037204820,0,1
06037204820,0,0
06037205110,1,2
06037226001,0,0
06037226001,0,0
06037204910,1,0
06037204810,2,0
06037204810,2,0
06037204810,2,1
06037206050,0,0
06037204700,1,1
06037204700,1,1
06037204700,1,0
06037226002,1,0
06037226002,1,0
06037204120,0,1
06037204120,0,0
06037203900,1,0
06037203900,1,0
06037203900,1,0
06037204600,1,2
06037204600,1,0
06037204300,1,1
06037204300,1,1
06037204300,1,0
06037204300,1,1
06037204110,0,1
06037204110,0,0
06037204110,0,0
06037204200,1,0
06037204200,1,0
06037269905,0,0
06037269905,0,0
06037220100,0,1
06037220100,0,0
06037220100,0,1
06037269906,0,1
06037702400,1,2
06037702400,1,1
06037702400,1,2
06037702400,1,0
06037702400,1,1
06037269907,0,1
06037219901,1,1
06037219901,1,1
06037219901,1,1
06037222002,2,0
06037222002,2,1
06037222002,2,1
06037222002,2,1
06037219020,1,1
06037219020,1,0
06037219020,1,0
06037219300,1,0
06037219300,1,0
06037219300,1,0
06037222100,1,1
06037222100,1,1
06037222100,1,1
06037219010,0,1
06037219010,0,1
06037220000,2,1
06037220000,2,1
06037220000,2,1
06037220000,2,1
06037220000,2,0
06037219700,1,1
06037219700,1,1
06037219700,1,1
06037222001,0,1
06037222001,0,1
06037222200,1,2
06037222200,1,1
06037218702,0,1
06037218702,0,1
06037224600,1,0
06037224600,1,0
06037226410,1,0
06037226410,1,0
06037221900,1,1
06037221900,1,1
06037221820,0,2
06037221820,0,2
06037221810,0,1
06037221810,0,1
06037224020,1,0
06037224020,1,0
06037224420,0,2
06037224420,0,1
06037224410,0,1
06037224410,0,1
06037271200,0,1
06037271200,0,1
06037701701,0,2
06037271100,0,2
06037271100,0,2
06037271100,0,3
06037267600,0,0
06037267600,0,2
06037267600,0,0
06037701602,1,1
06037267502,0,2
06037267502,0,1
06037267700,0,0
06037267700,0,0
06037701601,0,3
06037267800,0,2
06037267800,0,1
06037267800,0,2
06037219800,0,1
06037219800,0,1
06037219800,0,1
06037219902,1,0
06037219902,1,1
06037219902,1,1
06037270200,0,1
06037270200,0,1
06037270200,0,1
06037269800,0,1
06037269800,0,2
06037269700,1,2
06037269700,1,2
06037269700,1,2
06037269700,1,1
06037218400,1,1
06037218400,1,1
06037218400,1,1
06037218400,1,0
06037270300,0,1
06037270300,0,0
06037270300,0,0
06037269300,0,3
06037269300,0,3
06037269300,0,3
06037269300,0,3
06037269300,0,2
06037218300,1,1
06037218300,1,1
06037218300,1,1
06037218300,1,0
06037218300,1,1
06037269601,0,0
06037269601,0,0
06037269601,0,0
06037218900,2,1
06037218900,2,1
06037218900,2,2
06037221401,1,2
06037221401,1,2
06037221500,1,1
06037221500,1,1
06037218600,0,1
06037218600,0,1
06037218600,0,0
06037218701,0,2
06037218701,0,0
06037218800,0,0
06037218800,0,1
06037218500,0,1
06037218500,0,1
06037221402,1,1
06037221402,1,1
06037221302,1,1
06037221302,1,1
06037218210,1,0
06037218210,1,0
06037218210,1,1
06037221710,0,1
06037221710,0,1
06037221601,1,1
06037221601,1,1
06037224010,1,0
06037224010,1,0
06037221602,0,0
06037221602,0,0
06037221602,0,0
06037224200,0,0
06037224200,0,0
06037224320,1,1
06037224320,1,1
06037221120,1,1
06037221120,1,0
06037269500,0,3
06037269500,0,3
06037269500,0,3
06037269500,0,3
06037269602,0,1
06037269602,0,2
06037269000,1,2
06037269000,1,3
06037269000,1,3
06037269000,1,2
06037269000,1,3
06037216700,0,1
06037216700,0,1
06037216700,0,1
06037217002,1,2
06037217002,1,1
06037217002,1,1
06037217001,0,1
06037217001,0,2
06037217001,0,1
06037269100,1,1
06037269100,1,1
06037269100,1,1
06037269100,1,2
06037224310,0,1
06037224310,0,1
06037221220,1,0
06037221220,1,1
06037221110,1,0
06037221110,1,0
06037210010,1,0
06037210010,1,1
06037210010,1,2
06037209820,1,1
06037209820,1,1
06037209810,0,1
06037209810,0,0
06037213402,2,1
06037213402,2,1
06037213402,2,0
06037209520,0,0
06037209520,0,0
06037218220,1,0
06037218220,1,1
06037218220,1,3
06037221210,0,1
06037221210,0,1
06037218120,1,1
06037218120,1,0
06037218120,1,0
06037218110,1,1
06037218110,1,1
06037221304,1,0
06037221304,1,1
06037221303,0,1
06037221303,0,0
06037213202,1,0
06037213202,1,0
06037217200,1,1
06037217200,1,1
06037217200,1,0
06037217200,1,1
06037212900,1,1
06037212900,1,0
06037213100,0,1
06037213100,0,2
06037531201,2,0
06037531101,4,0
06037531101,4,0
06037531101,4,0
06037531101,4,0
06037530901,3,1
06037530901,3,0
06037204420,1,1
06037204420,1,0
06037203800,4,1
06037203800,4,1
06037203800,4,0
06037203800,4,0
06037204410,0,0
06037204410,0,0
06037203720,1,0
06037203720,1,0
06037203720,1,0
06037213310,1,0
06037213310,1,0
06037209300,2,0
06037209300,2,0
06037213320,0,0
06037213320,0,0
06037207502,1,1
06037209510,1,0
06037209510,1,0
06037209403,1,0
06037209403,1,0
06037213401,1,0
06037213401,1,1
06037209402,1,0
06037209402,1,0
06037203710,2,0
06037203710,2,0
06037203200,4,1
06037203200,4,1
06037203500,1,1
06037203500,1,0
06037203500,1,0
06037207400,0,1
06037530801,4,1
06037530801,4,1
06037482001,2,1
06037530700,2,0
06037212306,1,0
06037212306,1,0
06037212202,1,0
06037212202,1,0
06037208902,0,0
06037208902,0,0
06037207501,0,2
06037209401,1,0
06037209401,1,0
06037209103,1,0
06037209104,0,1
06037208903,1,0
06037208903,1,0
06037208904,1,0
06037208904,1,0
06037212304,0,0
06037212203,1,0
06037212203,1,0
06037212303,1,0
06037212204,1,0
06037212204,1,0
06037208801,1,3
06037208801,1,1
06037208802,1,1
06037208802,1,2
06037208301,0,1
06037206020,1,0
06037207102,1,0
06037203100,4,0
06037203100,4,2
06037203100,4,0
06037203300,1,0
06037207101,1,0
06037199900,1,0
06037199900,1,0
06037207103,0,0
06037207103,0,0
06037199700,1,0
06037199700,1,0
06037197600,0,2
06037197600,0,1
06037197700,1,1
06037197700,1,1
06037197700,1,0
06037267902,0,2
06037267902,0,2
06037267902,0,2
06037267403,0,1
06037267403,0,0
06037212800,1,1
06037212800,1,1
06037212800,1,1
06037213201,1,0
06037213201,1,0
06037213201,1,0
06037212701,0,1
06037212501,0,1
06037212420,1,1
06037212420,1,0
06037212305,0,0
06037212620,1,2
06037212620,1,0
06037216100,0,3
06037216100,0,2
06037216100,0,2
06037212702,0,2
06037212702,0,2
06037212702,0,3
06037264103,0,1
06037265601,0,1
06037265601,0,2
06037264000,0,4
06037264000,0,3
06037264000,0,3
06037264102,0,3
06037265602,0,2
06037265602,0,2
06037216800,0,1
06037216800,0,2
06037216800,0,2
06037216800,0,2
06037216401,1,0
06037216401,1,1
06037267901,0,1
06037267901,0,3
06037701000,1,2
06037701000,1,2
06037701000,1,1
06037216402,0,1
06037216402,0,1
06037700902,1,2
06037700902,1,2
06037700901,0,2
06037700901,0,1
06037700901,0,1
06037212502,1,0
06037212502,1,0
06037212410,1,1
06037212410,1,0
06037212610,1,1
06037212610,1,1
06037211802,1,0
06037211802,1,0
06037212102,0,1
06037212102,0,0
06037211704,0,0
06037211704,0,0
06037215102,0,0
06037215102,0,0
06037211701,0,2
06037211701,0,3
06037211701,0,2
06037265410,0,3
06037265410,0,3
06037262303,0,4
06037262303,0,4
06037262303,0,4
06037265201,0,3
06037265201,0,2
06037265303,0,2
06037265303,0,2
06037265304,1,2
06037265304,1,2
06037265420,0,3
06037265420,0,3
06037211703,1,0
06037211703,1,0
06037211804,1,0
06037211804,1,0
06037211803,1,0
06037211803,1,1
06037211910,1,0
06037211910,1,0
06037211910,1,0
06037211000,1,3
06037211000,1,1
06037211000,1,3
06037211000,1,3
06037211000,1,3
06037211000,1,3
06037211310,1,0
06037211310,1,0
06037211500,1,2
06037211500,1,3
06037211500,1,2
06037211410,1,0
06037211410,1,0
06037211420,1,1
06037211420,1,0
06037215101,0,0
06037215101,0,1
06037214700,0,2
06037214700,0,1
06037214700,0,2
06037214503,0,2
06037214503,0,3
06037214503,0,3
06037214503,0,3
06037700802,1,2
06037700802,1,1
06037214800,0,2
06037214800,0,1
06037214800,0,0
06037214501,0,3
06037214501,0,1
06037214501,0,3
06037214600,0,1
06037214600,0,1
06037214600,0,1
06037214902,0,0
06037214902,0,1
06037211201,0,1
06037211201,0,0
06037214000,0,2
06037214000,0,0
06037214000,0,1
06037214000,0,1
06037214100,0,3
06037214100,0,2
06037214100,0,2
06037214100,0,2
06037192300,0,3
06037192300,0,2
06037192300,0,2
06037192410,0,0
06037192410,0,2
06037192410,0,2
06037192410,0,2
06037192420,1,1
06037192420,1,0
06037192510,1,0
06037192510,1,0
06037192520,1,0
06037192520,1,0
06037191902,0,2
06037191902,0,2
06037192001,0,1
06037192001,0,2
06037214400,0,0
06037214400,0,0
06037214400,0,0
06037194500,0,2
06037194500,0,2
06037700700,0,4
06037700700,0,3
06037700700,0,4
06037700400,1,2
06037700400,1,3
06037700400,1,2
06037700400,1,2
06037192002,0,2
06037192002,0,2
06037192002,0,2
06037194401,0,2
06037194401,0,2
06037194402,0,2
06037194402,0,2
06037194402,0,1
06037700501,0,1
06037700501,0,1
06037700102,1,1
06037700102,1,2
06037700102,1,1
06037208720,1,1
06037208720,1,1
06037208302,1,1
06037208302,1,0
06037208302,1,1
06037212101,0,0
06037212101,0,0
06037208401,1,0
06037208401,1,0
06037208710,1,1
06037208502,1,1
06037208502,1,1
06037208502,1,1
06037211922,0,0
06037211922,0,0
06037211921,0,0
06037208402,0,1
06037208402,0,1
06037208501,0,1
06037208501,0,1
06037208620,1,1
06037208620,1,1
06037208620,1,0
06037211320,1,0
06037211320,1,0
06037208610,1,0
06037208610,1,1
06037211121,0,1
06037211121,0,1
06037211122,0,1
06037211122,0,0
06037197500,1,1
06037197500,1,2
06037197500,1,3
06037195720,0,1
06037195720,0,1
06037211202,0,1
06037201700,4,1
06037201700,4,1
06037201700,4,1
06037201402,3,1
06037201402,3,1
06037201402,3,0
06037481901,4,1
06037481901,4,1
06037201601,2,1
06037201602,3,1
06037201602,3,0
06037201602,3,2
06037206010,1,1
06037206010,1,0
06037199120,4,1
06037199120,4,1
06037199201,1,1
06037199201,1,0
06037199110,2,1
06037199110,2,3
06037199202,3,2
06037199202,3,2
06037197300,1,3
06037197300,1,3
06037197300,1,2
06037201401,4,1
06037201401,4,1
06037201504,2,2
06037480802,2,0
06037201503,3,1
06037201503,3,1
06037201501,4,2
06037201501,4,1
06037201501,4,1
06037201301,3,2
06037201301,3,1
06037980010,0,3
06037199400,3,0
06037199400,3,2
06037199400,3,1
06037185320,2,0
06037185320,2,1
06037197200,2,1
06037197200,2,1
06037197200,2,1
06037199300,3,3
06037199300,3,2
06037185310,2,1
06037185310,2,1
06037197410,0,4
06037197410,0,3
06037197410,0,3
06037185202,3,3
06037185202,3,2
06037185202,3,4
06037185203,2,1
06037185203,2,1
06037185203,2,2
06037187102,3,0
06037187102,3,2
06037201200,2,1
06037480803,3,2
06037201120,3,2
06037201120,3,1
06037201120,3,2
06037480804,3,1
06037201110,2,1
06037201110,2,2
06037201110,2,1
06037201302,3,3
06037201302,3,3
06037201302,3,3
06037201302,3,3
06037183702,2,3
06037183702,2,3
06037195710,1,1
06037195710,1,1
06037195710,1,1
06037195802,0,1
06037195802,0,1
06037192620,1,0
06037192620,1,0
06037195804,0,1
06037195804,0,2
06037192700,1,1
06037192700,1,1
06037195903,0,1
06037195903,0,2
06037195600,1,2
06037195600,1,2
06037195600,1,1
06037195600,1,2
06037192610,1,1
06037192610,1,0
06037192610,1,1
06037195803,0,3
06037195803,0,2
06037197420,0,2
06037197420,0,2
06037191820,0,0
06037191820,0,0
06037191820,0,0
06037191710,0,0
06037191710,0,1
06037191610,1,2
06037191610,1,1
06037191620,0,0
06037191720,1,1
06037191720,1,1
06037191810,0,0
06037191810,0,0
06037191810,0,0
06037191901,0,0
06037191901,0,0
06037191120,1,0
06037191120,1,0
06037191204,0,1
06037190802,0,0
06037190802,0,1
06037190802,0,0
06037191420,0,0
06037191420,0,1
06037195902,0,3
06037195902,0,3
06037191500,1,1
06037191500,1,0
06037191500,1,0
06037195901,0,3
06037191410,1,0
06037191410,1,0
06037195500,1,3
06037195500,1,2
06037195500,1,3
06037195500,1,3
06037195400,0,3
06037195400,0,3
06037195400,0,3
06037195400,0,2
06037191301,0,1
06037191301,0,0
06037191203,0,0
06037191203,0,0
06037191302,0,1
06037191302,0,0
06037700502,0,2
06037700300,1,1
06037700300,1,2
06037700300,1,1
06037700600,0,4
06037700600,0,4
06037700200,1,2
06037700200,1,2
06037700200,1,2
06037700200,1,2
06037194300,0,4
06037194300,0,4
06037194300,0,4
06037194200,0,4
06037194200,0,4
06037190801,0,1
06037190801,0,1
06037190902,1,0
06037190902,1,1
06037190902,1,1
06037190901,1,0
06037190901,1,1
06037190901,1,0
06037191110,1,1
06037191110,1,0
06037189904,0,0
06037190510,1,1
06037190510,1,1
06037190520,1,1
06037190520,1,0
06037189905,0,3
06037189905,0,1
06037191000,1,0
06037191000,1,0
06037191000,1,0
06037189903,0,1
06037190202,0,1
06037190202,0,1
06037190201,0,0
06037190201,0,1
06037190402,0,0
06037191201,1,1
06037191201,1,1
06037195300,0,2
06037195300,0,2
06037195300,0,1
06037195100,1,3
06037195100,1,2
06037195100,1,3
06037195100,1,3
06037187300,0,3
06037187300,0,2
06037195202,0,3
06037195202,0,3
06037195202,0,2
06037189201,0,1
06037189201,0,1
06037189101,0,2
06037189101,0,1
06037189101,0,2
06037195201,0,3
06037195201,0,2
06037189202,0,4
06037189202,0,3
06037189202,0,2
06037188201,0,3
06037188201,0,2
06037188201,0,3
06037194101,0,4
06037194102,0,4
06037194102,0,4
06037194102,0,4
06037143700,2,4
06037143700,2,4
06037143901,2,3
06037143901,2,4
06037143902,2,4
06037143902,2,3
06037190401,0,1
06037190401,0,0
06037189300,0,3
06037189300,0,4
06037189300,0,4
06037189600,0,4
06037189600,0,3
06037189600,0,3
06037189702,0,4
06037189400,0,4
06037189400,0,4
06037189400,0,4
06037980009,0,4
06037143603,1,3
06037143602,3,3
06037143602,3,3
06037143602,3,2
06037143500,3,3
06037143500,3,3
06037143500,3,2
06037143500,3,3
06037143200,3,3
06037143200,3,2
06037143200,3,2
06037187200,2,1
06037187200,2,1
06037185204,1,3
06037185204,1,3
06037183820,3,2
06037183820,3,1
06037186404,2,2
06037186404,2,2
06037183810,4,1
06037183810,4,1
06037183520,3,2
06037183520,3,2
06037186403,2,1
06037186403,2,1
06037186302,3,3
06037186302,3,3
06037186302,3,2
06037480702,2,4
06037480702,2,3
06037480703,2,4
06037480704,3,3
06037183701,3,2
06037183701,3,2
06037183701,3,3
06037183620,2,2
06037183620,2,1
06037183103,3,2
06037183103,3,2
06037183220,3,1
06037183220,3,1
06037183220,3,2
06037183610,3,1
06037183610,3,1
06037186203,2,3
06037186203,2,3
06037183510,2,1
06037183510,2,2
06037183510,2,2
06037186401,3,0
06037186401,3,1
06037186202,1,2
06037186202,1,1
06037183300,2,1
06037183300,2,2
06037183300,2,1
06037186201,2,2
06037183401,2,2
06037183401,2,1
06037186301,3,2
06037186301,3,1
06037186301,3,2
06037183402,3,1
06037183402,3,1
06037183104,2,3
06037183101,3,3
06037183101,3,3
06037183101,3,1
06037183221,2,3
06037183221,2,3
06037463900,2,4
06037463800,2,4
06037463800,2,4
06037463800,2,4
06037189102,0,2
06037189102,0,4
06037189102,0,2
06037187101,2,2
06037187101,2,2
06037188202,0,3
06037188202,0,4
06037188202,0,3
06037188300,2,3
06037188300,2,2
06037188300,2,2
06037302505,4,1
06037302401,4,0
06037302401,4,0
06037188100,3,1
06037188100,3,1
06037188100,3,2
06037183222,2,3
06037183222,2,4
06037183222,2,3
06037186100,3,2
06037186100,3,2
06037186100,3,3
06037186100,3,3
06037302506,3,3
06037181600,3,3
06037181600,3,3
06037302102,4,3
06037302102,4,2
06037302102,4,2
06037302102,4,2
06037181500,2,3
06037181500,2,3
06037181500,2,3
06037181400,3,1
06037181400,3,3
06037181400,3,3
06037181300,2,2
06037181300,2,3
06037181300,2,2
06037181000,3,2
06037181000,3,3
06037181000,3,2
06037181000,3,3
06037181000,3,3
06037302104,3,1
06037302104,3,1
06037302104,3,2
06037460800,1,4
06037125502,3,1
06037125502,3,2
06037125402,3,1
06037125402,3,2
06037125402,3,2
06037125600,2,3
06037125600,2,3
06037125600,2,3
06037125501,3,2
06037125501,3,2
06037124700,3,3
06037124700,3,1
06037124700,3,2
06037124700,3,3
06037301602,3,2
06037301602,3,1
06037301602,3,2
06037311400,1,3
06037311700,4,2
06037311700,4,2
06037311801,2,2
06037301702,4,0
06037301601,4,0
06037124000,3,2
06037124000,3,3
06037124000,3,3
06037124000,3,3
06037125200,3,3
06037125200,3,2
06037125200,3,3
06037124903,3,1
06037124903,3,1
06037125310,4,2
06037125310,4,0
06037125310,4,1
06037124902,3,1
06037311200,2,2
06037311200,2,2
06037124400,3,2
06037124400,3,2
06037124400,3,2
06037124204,3,1
06037124204,3,1
06037124102,3,3
06037124102,3,1
06037124102,3,1
06037124300,3,2
06037124300,3,2
06037124300,3,1
06037123902,2,2
06037123902,2,2
06037123601,4,2
06037123601,4,2
06037123601,4,1
06037124203,2,2
06037124203,2,2
06037123800,4,2
06037123800,4,3
06037123800,4,2
06037124105,2,2
06037124105,2,0
06037123104,4,2
06037123104,4,2
06037123104,4,1
06037123901,4,2
06037123901,4,3
06037123901,4,1
06037128303,4,1
06037128303,4,1
06037128210,4,1
06037128210,4,1
06037127711,3,3
06037127711,3,2
06037127806,3,2
06037127806,3,2
06037127806,3,2
06037132101,4,1
06037132101,4,2
06037132101,4,2
06037127605,3,1
06037127605,3,2
06037127606,2,2
06037127606,2,2
06037128102,4,2
06037128102,4,2
06037128101,3,2
06037128101,3,3
06037123520,3,2
06037123700,3,2
06037123700,3,2
06037123700,3,2
06037123700,3,2
06037124104,2,2
06037124104,2,0
06037124201,3,1
06037124201,3,1
06037124201,3,2
06037311100,3,2
06037311100,3,2
06037311100,3,1
06037124103,2,2
06037124103,2,1
06037123103,4,1
06037123103,4,1
06037123420,4,2
06037123420,4,1
06037123420,4,1
06037123204,3,2
06037123204,3,1
06037123206,3,0
06037123205,2,0
06037123205,2,1
06037123203,3,2
06037123203,3,0
06037123203,3,0
06037123304,4,1
06037123304,4,2
06037123304,4,1
06037123303,3,1
06037123303,3,2
06037123301,3,1
06037123301,3,0
06037123301,3,2
06037980001,0,0
06037123010,4,1
06037123010,4,0
06037122420,4,0
06037122420,4,1
06037122410,4,0
06037122410,4,1
06037123020,3,2
06037123020,3,1
06037121020,3,2
06037121020,3,1
06037121020,3,2
06037122120,4,1
06037122120,4,1
06037121600,3,0
06037121600,3,1
06037121801,4,1
06037121801,4,1
06037122121,3,2
06037122121,3,2
06037122200,3,0
06037122200,3,2
06037122200,3,1
06037122000,4,0
06037122000,4,0
06037122000,4,2
06037121900,4,0
06037121900,4,1
06037121900,4,1
06037121802,3,0
06037121802,3,1
06037121802,3,1
06037122122,3,0
06037122122,3,3
06037122122,3,0
06037102103,1,2
06037310400,2,1
06037310100,3,3
06037310100,3,2
06037102105,1,1
06037102105,1,1
06037102104,3,2
06037102104,3,3
06037980020,0,4
06037102107,3,3
06037102107,3,3
06037103102,4,1
06037103102,4,2
06037103102,4,2
06037103102,4,1
06037103102,4,2
06037117407,3,0
06037120108,4,2
06037120108,4,1
06037119340,4,0
06037117510,4,1
06037117405,3,0
06037117302,4,1
06037117302,4,1
06037117302,4,2
06037117302,4,1
06037119341,3,1
06037119320,4,2
06037121010,4,2
06037121010,4,1
06037121010,4,1
06037121010,4,0
06037121101,2,1
06037121101,2,1
06037121221,2,2
06037121221,2,2
06037119001,3,1
06037119001,3,2
06037119001,3,2
06037121222,4,1
06037121222,4,0
06037121222,4,1
06037121210,3,1
06037121210,3,0
06037121102,3,0
06037121102,3,0
06037121102,3,0
06037104821,3,2
06037104821,3,2
06037117101,4,2
06037117101,4,1
06037119400,4,2
06037119400,4,2
06037119400,4,2
06037119400,4,2
06037119342,3,1
06037117201,4,2
06037117201,4,2
06037117202,3,1
06037117202,3,2
06037117301,2,2
06037117301,2,1
06037117301,2,2
06037104822,2,1
06037117102,2,2
06037117102,2,3
06037119201,3,2
06037119201,3,2
06037119201,3,2
06037119310,4,2
06037119310,4,1
06037109603,4,2
06037109603,4,2
06037109603,4,1
06037109800,4,1
06037109800,4,2
06037109800,4,2
06037109800,4,2
06037104500,3,2
06037104500,3,2
06037119202,4,1
06037119202,4,2
06037119202,4,1
06037119202,4,1
06037104620,3,2
06037104620,3,2
06037109601,3,1
06037109601,3,1
06037109601,3,1
06037109601,3,2
06037104403,2,1
06037104403,2,1
06037104703,3,0
06037104703,3,1
06037103300,2,2
06037103300,2,3
06037104704,4,0
06037980021,0,3
06037104701,4,0
06037104701,4,1
06037104701,4,2
06037104108,4,1
06037104108,4,1
06037104108,4,2
06037104105,4,1
06037104105,4,1
06037104203,4,1
06037104203,4,2
06037104103,3,2
06037104103,3,2
06037104610,3,1
06037104610,3,1
06037109604,2,0
06037109604,2,2
06037109604,2,1
06037109700,3,1
06037109700,3,2
06037109700,3,1
06037104404,3,2
06037104404,3,1
06037104401,3,2
06037104401,3,1
06037111100,2,2
06037111100,2,1
06037109400,3,2
06037109400,3,2
06037109400,3,2
06037109300,2,1
06037109300,2,1
06037109300,2,1
06037106604,4,2
06037106604,4,1
06037106604,4,3
06037106604,4,0
06037106403,3,2
06037106403,3,3
06037106403,3,2
06037106113,3,1
06037106113,3,1
06037106520,4,2
06037106520,4,1
06037106520,4,2
06037106407,3,0
06037106407,3,1
06037106408,3,1
06037106408,3,2
06037106405,3,2
06037106405,3,1
06037106405,3,2
06037106020,4,2
06037106020,4,2
06037106406,4,1
06037106406,4,2
06037106406,4,1
06037106010,2,1
06037104201,3,1
06037104201,3,1
06037104201,3,1
06037104124,4,1
06037104124,4,2
06037104124,4,3
06037104204,3,2
06037104204,3,0
06037106112,4,0
06037106112,4,2
06037106111,3,1
06037106111,3,0
06037103101,2,2
06037103101,2,2
06037300902,0,3
06037301000,4,2
06037300701,3,4
06037300400,4,3
06037101400,3,4
06037101400,3,2
06037101400,3,4
06037101300,3,3
06037101300,3,2
06037101300,3,3
06037101300,3,4
06037101220,3,3
06037101220,3,2
06037300301,4,1
06037300301,4,3
06037300301,4,3
06037101110,4,2
06037101110,4,1
06037101110,4,3
06037101122,2,2
06037101122,2,3
06037980026,0,1
06037262706,0,2
06037262706,0,2
06037262706,0,2
06037262704,0,2
06037262501,0,2
06037262501,0,2
06037262501,0,3
06037262604,1,2
06037262604,1,3
06037262604,1,4
06037262604,1,3
06037271902,0,3
06037271902,0,3
06037271902,0,2
06037271400,0,3
06037271400,0,2
06037271400,0,2
06037271901,0,2
06037271901,0,2
06037271901,0,0
06037271500,0,3
06037271500,0,2
06037271500,0,2
06037702300,1,2
06037702300,1,1
06037271600,0,3
06037271600,0,0
06037271600,0,3
06037271600,0,2
06037271300,1,2
06037271300,1,2
06037271300,1,2
06037271300,1,2
06037271300,1,2
06037271702,1,0
06037271702,1,2
06037271702,1,2
06037701801,2,3
06037701801,2,0
06037701304,1,3
06037701304,1,3
06037701201,0,3
06037262802,0,4
06037262802,0,3
06037262802,0,3
06037267300,1,0
06037267300,1,0
06037267404,0,1
06037800506,0,4
06037800506,0,4
06037262601,2,4
06037980019,0,4
06037800101,3,3
06037265301,3,3
06037265100,0,3
06037265100,0,3
06037262302,0,4
06037262302,0,4
06037262400,1,4
06037262400,1,4
06037262301,1,4
06037262200,0,4
06037262200,0,4
06037262100,0,4
06037262100,0,4
06037262100,0,4
06037261200,0,4
06037261200,0,4
06037261102,0,4
06037261102,0,4
06037141600,2,3
06037141600,2,4
06037141600,2,4
06037141700,1,4
06037141700,1,4
06037141700,1,4
06037141500,1,3
06037141202,2,2
06037141202,2,4
06037141202,2,3
06037141102,2,3
06037141102,2,3
06037141101,3,1
06037141101,3,3
06037141304,2,3
06037141304,2,2
06037141201,3,1
06037141201,3,1
06037141201,3,2
06037141303,2,1
06037139703,2,3
06037139802,2,3
06037800204,3,2
06037800204,3,3
06037138000,2,3
06037138000,2,3
06037138000,2,3
06037137504,0,3
06037139801,2,3
06037137402,4,3
06037137402,4,3
06037137402,4,3
06037137401,3,3
06037137401,3,2
06037137401,3,3
06037141400,3,2
06037141400,3,2
06037141400,3,2
06037139701,3,2
06037139701,3,2
06037139701,3,3
06037139701,3,3
06037139701,3,2
06037128910,3,2
06037128910,3,1
06037128910,3,2
06037124600,2,2
06037124600,2,2
06037124600,2,3
06037139600,3,3
06037139600,3,3
06037128801,2,1
06037128801,2,2
06037128802,3,2
06037128802,3,1
06037128802,3,2
06037137502,3,3
06037137502,3,3
06037137502,3,2
06037139502,2,1
06037139502,2,1
06037137501,4,2
06037137501,4,2
06037139504,3,0
06037139504,3,1
06037137000,3,3
06037137000,3,3
06037139402,1,3
06037139402,1,3
06037139402,1,2
06037139401,2,1
06037139401,2,0
06037137104,2,3
06037137104,2,3
06037137103,3,2
06037137103,3,3
06037139200,4,2
06037139200,4,2
06037139200,4,1
06037139303,4,0
06037139303,4,0
06037139302,4,1
06037139302,4,1
06037137301,1,3
06037128500,3,2
06037128500,3,2
06037128602,3,3
06037128602,3,3
06037128602,3,3
06037980024,0,1
06037124500,2,3
06037124500,2,3
06037139001,3,1
06037139001,3,1
06037139001,3,2
06037139001,3,2
06037128601,4,2
06037128601,4,2
06037128400,3,1
06037128400,3,1
06037128400,3,1
06037128400,3,2
06037123602,3,3
06037123602,3,3
06037123602,3,3
06037128220,3,3
06037128220,3,3
06037128302,4,2
06037128302,4,1
06037137302,3,3
06037137302,3,2
06037139301,3,3
06037139301,3,3
06037139301,3,2
06037135113,2,2
06037134905,3,1
06037132900,3,3
06037132900,3,2
06037134901,2,1
06037134901,2,3
06037134901,2,2
06037135201,2,1
06037135201,2,3
06037135102,2,2
06037135102,2,3
06037135102,2,2
06037135202,3,2
06037135202,3,2
06037135202,3,2
06037132700,4,1
06037132700,4,2
06037132700,4,2
06037132700,4,2
06037134904,4,2
06037134904,4,2
06037132502,4,2
06037132502,4,1
06037132001,3,2
06037132001,3,2
06037132001,3,2
06037135111,2,2
06037135111,2,1
06037135111,2,2
06037133000,4,2
06037133000,4,2
06037133000,4,1
06037127805,4,0
06037127805,4,2
06037127805,4,2
06037132002,2,1
06037132002,2,2
06037132002,2,3
06037123510,4,2
06037123510,4,2
06037127603,3,2
06037127603,3,1
06037127712,3,2
06037127712,3,2
06037127804,4,2
06037127803,4,2
06037127803,4,1
06037127910,4,1
06037127910,4,2
06037123410,3,1
06037123410,3,2
06037127920,3,2
06037127920,3,3
06037134520,4,1
06037134520,4,0
06037132501,4,1
06037132501,4,2
06037134002,3,2
06037134002,3,2
06037134001,3,2
06037134001,3,1
06037134303,4,2
06037134303,4,2
06037134303,4,2
06037134303,4,2
06037134421,2,3
06037134422,3,2
06037134422,3,2
06037134710,4,1
06037134710,4,2
06037134720,4,2
06037134720,4,2
06037134720,4,1
06037134522,4,2
06037127604,3,2
06037132102,4,1
06037132102,4,2
06037132102,4,1
06037127103,3,1
06037131900,3,2
06037131900,3,2
06037131900,3,2
06037131900,3,2
06037127220,4,2
06037127220,4,1
06037127104,3,1
06037127104,3,2
06037127102,4,1
06037127102,4,1
06037980008,0,0
06037127210,4,1
06037127210,4,0
06037127210,4,0
06037127300,3,2
06037127300,3,2
06037134521,3,1
06037131701,4,2
06037131701,4,2
06037131702,3,2
06037131702,3,2
06037134306,3,1
06037134104,4,1
06037134104,4,1
06037134424,1,2
06037134424,1,3
06037134423,3,3
06037134423,3,2
06037134302,3,2
06037134302,3,2
06037134302,3,2
06037134304,3,0
06037134304,3,2
06037134201,3,2
06037134201,3,1
06037134201,3,2
06037134103,4,2
06037134103,4,2
06037134101,4,2
06037134101,4,2
06037131600,4,3
06037131600,4,2
06037131600,4,2
06037131600,4,3
06037127400,4,1
06037127400,4,1
06037127400,4,2
06037127400,4,0
06037131100,2,2
06037131100,2,2
06037131100,2,2
06037120030,3,0
06037120300,4,1
06037120300,4,3
06037120300,4,3
06037120300,4,3
06037120020,4,1
06037120020,4,0
06037120010,3,1
06037120010,3,2
06037120400,4,1
06037120400,4,1
06037120400,4,1
06037120400,4,2
06037127520,4,0
06037127520,4,0
06037119700,3,2
06037119700,3,2
06037119700,3,2
06037120106,4,1
06037131400,4,2
06037131400,4,2
06037131300,4,2
06037131300,4,2
06037131300,4,2
06037131300,4,2
06037131200,3,3
06037131200,3,2
06037131200,3,2
06037134305,3,0
06037120104,2,0
06037117530,4,1
06037117530,4,0
06037117408,3,1
06037120107,4,1
06037119900,4,2
06037119900,4,2
06037119900,4,2
06037119900,4,2
06037117303,2,2
06037117303,2,1
06037117404,3,2
06037117404,3,2
06037117404,3,2
06037120103,3,0
06037117520,4,1
06037120105,3,1
06037120105,3,2
06037115401,4,3
06037115401,4,2
06037115403,3,1
06037115404,3,1
06037115404,3,2
06037115302,4,1
06037113232,3,3
06037113232,3,3
06037113234,4,2
06037113234,4,0
06037113231,1,2
06037113231,1,2
06037980023,0,0
06037115202,4,1
06037115202,4,0
06037115202,4,2
06037113235,1,3
06037115101,3,3
06037115101,3,3
06037115101,3,3
06037115104,3,3
06037115104,3,1
06037115301,3,2
06037115301,3,2
06037113303,3,2
06037113303,3,0
06037113301,3,3
06037113301,3,1
06037113237,3,1
06037113237,3,2
06037115103,1,1
06037113213,3,2
06037113213,3,1
06037113322,3,2
06037113322,3,2
06037111205,3,2
06037111205,3,1
06037111205,3,2
06037111302,4,2
06037111302,4,2
06037113212,3,2
06037113212,3,2
06037111204,3,2
06037111204,3,2
06037111204,3,3
06037113211,3,2
06037113211,3,2
06037113102,1,3
06037113102,1,3
06037113101,2,2
06037113101,2,2
06037111206,3,2
06037111206,3,3
06037111206,3,2
06037111206,3,2
06037111206,3,2
06037111202,4,2
06037111202,4,2
06037111202,4,3
06037109500,4,1
06037109500,4,1
06037109500,4,1
06037111201,2,2
06037111201,2,2
06037111201,2,2
06037104310,3,1
06037104310,3,0
06037104310,3,1
06037109200,2,1
06037109200,2,2
06037109200,2,2
06037109100,3,1
06037109100,3,1
06037106646,2,2
06037106646,2,1
06037320300,4,1
06037320300,4,1
06037320300,4,2
06037320300,4,2
06037320300,4,2
06037320201,3,1
06037320201,3,1
06037106642,2,3
06037106642,2,2
06037106642,2,3
06037106649,2,2
06037106649,2,2
06037108101,1,2
06037108102,3,2
06037108103,1,2
06037108103,1,3
06037108202,4,0
06037106643,2,3
06037106643,2,2
06037106643,2,2
06037320202,4,3
06037320202,4,1
06037106645,2,3
06037106645,2,2
06037106648,4,2
06037106648,4,1
06037107020,4,2
06037107020,4,2
06037106641,2,3
06037980022,0,0
06037107010,3,2
06037106114,4,1
06037106114,4,2
06037108104,1,2
06037106603,2,0
06037106603,2,2
06037920303,1,1
06037920312,4,3
06037106510,4,1
06037106510,4,2
06037106510,4,0
